Occupations,noc_5,TOTAL_WITH_EMP_INC,AVG_EMP_INC,aioe,caioe,groupmean,noc_title,exposure_level,comp_level,quadrant,label
00018 Seniors managers - public and private sector,00018,15030,90396.3406520293,6.5700128356,4.128924831,0.7198175926,Seniors managers - public and private sector,High Exposure,High Complementarity,HE-HC,Senior managers
10010 Financial managers,10010,2735,74112.2486288848,6.647188027,4.664204772,0.646759259,Financial managers,High Exposure,High Complementarity,HE-HC,
10011 Human resources managers,10011,2090,74033.014354067,6.62976422,4.44562523,0.677777778,Human resources managers,High Exposure,High Complementarity,HE-HC,
10012 Purchasing managers,10012,210,88523.8095238095,6.687508505,4.779745588,0.633611111,Purchasing managers,High Exposure,High Complementarity,HE-HC,
10019 Other administrative services managers,10019,525,33869.5238095238,6.524487672,4.826234238,0.608888889,Other administrative services managers,High Exposure,Low Complementarity,HE-LC,Administrative services managers
"10021 Banking, credit and other investment managers",10021,195,49435.8974358974,6.672870348,4.688521475,0.645694444,"Banking, credit and other investment managers",High Exposure,High Complementarity,HE-HC,
"10022 Advertising, marketing and public relations managers",10022,4000,69903.75,6.629146986,4.878815906,0.612555556,"Advertising, marketing and public relations managers",High Exposure,Low Complementarity,HE-LC,
10029 Other business services managers,10029,430,49151.1627906977,6.478557879,4.484214383,0.65712963,Other business services managers,High Exposure,High Complementarity,HE-HC,
11100 Financial auditors and accountants,11100,2840,68086.6197183099,6.705747841,5.206268115,0.571944444,Financial auditors and accountants,High Exposure,Low Complementarity,HE-LC,
11101 Financial and investment analysts,11101,500,60780,6.656898,0.858514833,0.6335,Financial and investment analysts,High Exposure,High Complementarity,HE-HC,
11102 Financial advisors,11102,280,50696.4285714286,6.679859123,5.284510773,0.557222222,Financial advisors,High Exposure,Low Complementarity,HE-LC,
11109 Other financial officers,11109,140,65428.5714285714,6.650237614,5.107442807,0.580388889,Other financial officers,High Exposure,Low Complementarity,HE-LC,
11200 Human resources professionals,11200,3480,56556.7528735632,6.649056518,4.873566936,0.615509259,Human resources professionals,High Exposure,High Complementarity,HE-HC,
11201 Professional occupations in business management consulting,11201,1205,52481.3278008299,6.559356224,5.002595668,0.585555556,Professional occupations in business management consulting,High Exposure,Low Complementarity,HE-LC,
"11202 Professional occupations in advertising, marketing and public relations",11202,11805,49976.1033460398,6.630252091,5.000096998,0.594375,"Professional occupations in advertising, marketing and public relations",High Exposure,Low Complementarity,HE-LC,
"12010 Supervisors, general office and administrative support workers",12010,810,49992.5925925926,6.502773276,4.952945645,0.586666667,"Supervisors, general office and administrative support workers",High Exposure,Low Complementarity,HE-LC,
"12011 Supervisors, finance and insurance office workers",12011,195,,6.502773276,4.952945645,0.586666667,"Supervisors, finance and insurance office workers",High Exposure,Low Complementarity,HE-LC,
"12013 Supervisors, supply chain, tracking and scheduling coordination occupations",12013,195,51128.2051282051,6.589553917,4.45992542,0.671666667,"Supervisors, supply chain, tracking and scheduling coordination occupations",High Exposure,High Complementarity,HE-HC,
12100 Executive assistants,12100,2865,51032.1116928447,6.521234315,5.528557536,0.500555556,Executive assistants,High Exposure,Low Complementarity,HE-LC,
12101 Human resources and recruitment officers,12101,1245,49734.9397590362,6.647628811,4.675498931,0.645,Human resources and recruitment officers,High Exposure,High Complementarity,HE-HC,
12102 Procurement and purchasing agents and officers,12102,560,56937.5,6.547963885,4.678887196,0.634166667,Procurement and purchasing agents and officers,High Exposure,High Complementarity,HE-HC,
12103 Conference and event planners,12103,2535,38431.9526627219,6.203170865,4.125108625,0.683333333,Conference and event planners,High Exposure,High Complementarity,HE-HC,
12104 Employment insurance and revenue officers,12104,10,16000,6.450139253,5.332483813,0.522962963,Employment insurance and revenue officers,High Exposure,Low Complementarity,HE-LC,
"12110 Court reporters, medical transcriptionists and related occupations",12110,105,35428.5714285714,6.392244358,5.118764019,0.547361111,"Court reporters, medical transcriptionists and related occupations",High Exposure,Low Complementarity,HE-LC,
12111 Health information management occupations,12111,405,53995.0617283951,6.444289961,4.754777585,0.612592593,Health information management occupations,High Exposure,Low Complementarity,HE-LC,
12112 Records management technicians,12112,80,45250,6.187362697,5.333191946,0.483888889,Records management technicians,High Exposure,Low Complementarity,HE-LC,
12113 Statistical officers and related research support occupations,12113,190,37578.9473684211,6.640630651,5.407139697,0.533981481,Statistical officers and related research support occupations,High Exposure,Low Complementarity,HE-LC,
12200 Accounting technicians and bookkeepers,12200,3040,37202.1381578947,6.503251614,5.437440933,0.512222222,Accounting technicians and bookkeepers,High Exposure,Low Complementarity,HE-LC,Accounting technicians
12201 Insurance adjusters and claims examiners,12201,45,42000,6.474649483,5.14458982,0.55375,Insurance adjusters and claims examiners,High Exposure,Low Complementarity,HE-LC,
"12203 Assessors, business valuators and appraisers",12203,20,,6.516794378,5.188361007,0.5525,"Assessors, business valuators and appraisers",High Exposure,Low Complementarity,HE-LC,
13100 Administrative officers,13100,13135,40973.5972592311,6.621021758,5.443662771,0.525694444,Administrative officers,High Exposure,Low Complementarity,HE-LC,
13101 Property administrators,13101,825,50212.1212121212,6.618110325,4.516860297,0.665833333,Property administrators,High Exposure,High Complementarity,HE-HC,
13102 Payroll administrators,13102,1230,48387.8048780488,6.566024376,5.756214703,0.471666667,Payroll administrators,High Exposure,Low Complementarity,HE-LC,
13110 Administrative assistants,13110,13150,34093.1330798479,6.510392044,5.497769009,0.503888889,Administrative assistants,High Exposure,Low Complementarity,HE-LC,Administrative assistants
13111 Legal administrative assistants,13111,300,50140,6.616979534,5.756772194,0.478333333,Legal administrative assistants,High Exposure,Low Complementarity,HE-LC,
13112 Medical administrative assistants,13112,2270,35155.9471365639,6.10041421,4.643093038,0.587222222,Medical administrative assistants,High Exposure,Low Complementarity,HE-LC,
13201 Production and transportation logistics coordinators,13201,690,39517.3913043478,6.677801078,5.184570559,0.571944444,Production and transportation logistics coordinators,High Exposure,Low Complementarity,HE-LC,
14100 General office support workers,14100,5995,30123.6030025021,6.269058316,5.351560587,0.496805556,General office support workers,High Exposure,Low Complementarity,HE-LC,Office support workers
14101 Receptionists,14101,7935,23584.2974165091,6.499343417,5.699563102,0.471388889,Receptionists,High Exposure,Low Complementarity,HE-LC,
14102 Personnel clerks,14102,595,42252.1008403361,6.64449433,5.435565501,0.530277778,Personnel clerks,High Exposure,Low Complementarity,HE-LC,
14110 Survey interviewers and statistical clerks,14110,95,,6.112442163,4.894194754,0.548472222,Survey interviewers and statistical clerks,High Exposure,Low Complementarity,HE-LC,
14111 Data entry clerks,14111,1520,29234.2105263158,6.174677878,5.313653352,0.487777778,Data entry clerks,High Exposure,Low Complementarity,HE-LC,
14200 Accounting and related clerks,14200,3770,41581.4323607427,6.567777565,5.495074057,0.511547619,Accounting and related clerks,High Exposure,Low Complementarity,HE-LC,
"14201 Banking, insurance and other financial clerks",14201,50,,6.503054053,5.463079669,0.508680556,"Banking, insurance and other financial clerks",High Exposure,Low Complementarity,HE-LC,
14202 Collection clerks,14202,70,35142.8571428571,6.637043594,5.645174301,0.497777778,Collection clerks,High Exposure,Low Complementarity,HE-LC,
"14301 Correspondence, publication and regulatory clerks",14301,370,43797.2972972973,6.604468229,5.633978315,0.495277778,"Correspondence, publication and regulatory clerks",High Exposure,Low Complementarity,HE-LC,
14400 Shippers and receivers,14400,540,24559.2592592593,5.698171242,4.455653346,0.566388889,Shippers and receivers,Low Exposure,Low Complementarity,LE-LC,
14401 Storekeepers and partspersons,14401,175,,5.490511607,4.525096649,0.524166667,Storekeepers and partspersons,Low Exposure,Low Complementarity,LE-LC,
14402 Production logistics workers,14402,130,38192.3076923077,6.417394855,4.916437503,0.582222222,Production logistics workers,High Exposure,Low Complementarity,HE-LC,
14403 Purchasing and inventory control workers,14403,265,,6.591214235,5.624502814,0.495,Purchasing and inventory control workers,High Exposure,Low Complementarity,HE-LC,
14404 Dispatchers,14404,190,,6.488309259,5.428105144,0.511458333,Dispatchers,High Exposure,Low Complementarity,HE-LC,
14405 Transportation route and crew schedulers,14405,45,28000,6.570109431,4.748729094,0.625555556,Transportation route and crew schedulers,High Exposure,High Complementarity,HE-HC,
20010 Engineering managers,20010,95,67578.9473684211,6.530154689,4.190182592,0.706666667,Engineering managers,High Exposure,High Complementarity,HE-HC,
20011 Architecture and science managers,20011,280,84750,6.525015106,4.193223461,0.705694444,Architecture and science managers,High Exposure,High Complementarity,HE-HC,
20012 Computer and information systems managers,20012,1000,90480,6.606680196,4.65268905,0.644027778,Computer and information systems managers,High Exposure,High Complementarity,HE-HC,
21100 Physicists and astronomers,21100,25,110000,6.621194139,4.921518481,0.604930556,Physicists and astronomers,High Exposure,Low Complementarity,HE-LC,
21101 Chemists,21101,20,48000,6.364369049,4.461008831,0.6475,Chemists,High Exposure,High Complementarity,HE-HC,
21102 Geoscientists and oceanographers,21102,70,61714.2857142857,6.370044224,4.4169747,0.654861111,Geoscientists and oceanographers,High Exposure,High Complementarity,HE-HC,
21110 Biologists and related scientists,21110,2320,56003.6637931035,6.454008795,4.40791912,0.666035354,Biologists and related scientists,High Exposure,High Complementarity,HE-HC,
21111 Forestry professionals,21111,70,80000,5.999752806,3.949837264,0.69,Forestry professionals,High Exposure,High Complementarity,HE-HC,
"21112 Agricultural representatives, consultants and specialists",21112,65,57538.4615384615,5.943252743,4.511247605,0.585069444,"Agricultural representatives, consultants and specialists",Low Exposure,Low Complementarity,LE-LC,
21120 Public and environmental health and safety professionals,21120,1785,71415.1260504202,6.40604098,4.363123635,0.667916667,Public and environmental health and safety professionals,High Exposure,High Complementarity,HE-HC,Public health professionals
21200 Architects,21200,40,1e+05,6.521839404,4.393183488,0.674722222,Architects,High Exposure,High Complementarity,HE-HC,
21201 Landscape architects,21201,30,80000,6.531681464,4.633865128,0.638888889,Landscape architects,High Exposure,High Complementarity,HE-HC,
21202 Urban and land use planners,21202,430,61593.023255814,6.593738652,4.639427779,0.644722222,Urban and land use planners,High Exposure,High Complementarity,HE-HC,
"21210 Mathematicians, statisticians and actuaries",21210,330,82924.2424242424,6.688735262,5.248822313,0.563611111,"Mathematicians, statisticians and actuaries",High Exposure,Low Complementarity,HE-LC,
21211 Data scientists,21211,55,61454.5454545455,6.64236307,5.199012017,0.566111111,Data scientists,High Exposure,Low Complementarity,HE-LC,
21221 Business systems specialists,21221,250,64120,6.63112094,5.275972855,0.552638889,Business systems specialists,High Exposure,Low Complementarity,HE-LC,
21222 Information systems specialists,21222,1170,67292.7350427351,6.569506529,5.251024109,0.549027778,Information systems specialists,High Exposure,Low Complementarity,HE-LC,Information systems specialists
21223 Database analysts and data administrators,21223,820,51700,6.650596313,5.365705242,0.541527778,Database analysts and data administrators,High Exposure,Low Complementarity,HE-LC,
21230 Computer systems developers and programmers,21230,225,47511.1111111111,6.416177218,5.219193637,0.535648148,Computer systems developers and programmers,High Exposure,Low Complementarity,HE-LC,
21231 Software engineers and designers,21231,110,77590.9090909091,6.575901,1.017029778,0.611888889,Software engineers and designers,High Exposure,Low Complementarity,HE-LC,
21232 Software developers and programmers,21232,285,58280.701754386,6.607717052,5.623901402,0.497222222,Software developers and programmers,High Exposure,Low Complementarity,HE-LC,
21233 Web designers,21233,135,26703.7037037037,6.543558983,5.320003531,0.535277778,Web designers,High Exposure,Low Complementarity,HE-LC,
21234 Web developers and programmers,21234,545,48972.4770642202,6.566688631,5.514661638,0.508611111,Web developers and programmers,High Exposure,Low Complementarity,HE-LC,
21300 Civil engineers,21300,275,88363.6363636364,6.440660036,4.508050147,0.648518519,Civil engineers,High Exposure,High Complementarity,HE-HC,
21301 Mechanical engineers,21301,0,,6.447680579,4.525221407,0.646527778,Mechanical engineers,High Exposure,High Complementarity,HE-HC,
21310 Electrical and electronics engineers,21310,15,1e+05,6.423620125,4.707359884,0.615092593,Electrical and electronics engineers,High Exposure,High Complementarity,HE-HC,
21311 Computer engineers (except software engineers and designers),21311,50,60000,6.569785616,5.07829933,0.575277778,Computer engineers (except software engineers and designers),High Exposure,Low Complementarity,HE-LC,
21399 Other professional engineers,21399,20,76000,6.469651611,4.58957383,0.639316239,Other professional engineers,High Exposure,High Complementarity,HE-HC,
22100 Chemical technologists and technicians,22100,15,45000,6.084932755,4.638538427,0.585925926,Chemical technologists and technicians,High Exposure,Low Complementarity,HE-LC,
22110 Biological technologists and technicians,22110,1060,39441.5094339623,6.170363434,4.68262025,0.589444444,Biological technologists and technicians,High Exposure,Low Complementarity,HE-LC,
22112 Forestry technologists and technicians,22112,185,45405.4054054054,5.85443334,3.610888657,0.7325,Forestry technologists and technicians,Low Exposure,High Complementarity,LE-HC,
22113 Conservation and fishery officers,22113,1150,39208.6956521739,6.117601669,4.12620778,0.67587963,Conservation and fishery officers,High Exposure,High Complementarity,HE-HC,
22114 Landscape and horticulture technicians and specialists,22114,650,,5.212270823,4.365276815,0.510833333,Landscape and horticulture technicians and specialists,Low Exposure,Low Complementarity,LE-LC,
22212 Drafting technologists and technicians,22212,15,36000,6.43860866,5.184226028,0.543134921,Drafting technologists and technicians,High Exposure,Low Complementarity,HE-LC,
22214 Technical occupations in geomatics and meteorology,22214,275,54072.7272727273,6.410887506,5.117388913,0.550555556,Technical occupations in geomatics and meteorology,High Exposure,Low Complementarity,HE-LC,
22220 Computer network and web technicians,22220,1185,57232.0675105485,6.46098082,5.08742883,0.561041667,Computer network and web technicians,High Exposure,Low Complementarity,HE-LC,
22221 User support technicians,22221,845,49079.2899408284,6.072101685,4.547017228,0.598611111,User support technicians,High Exposure,Low Complementarity,HE-LC,
22222 Information systems testing technicians,22222,60,33500,6.584672242,5.254934264,0.550277778,Information systems testing technicians,High Exposure,Low Complementarity,HE-LC,
22232 Occupational health and safety specialists,22232,480,,6.495117106,4.520532399,0.651805556,Occupational health and safety specialists,High Exposure,High Complementarity,HE-HC,
22233 Construction inspectors,22233,40,61250,6.201742964,4.23441228,0.665555556,Construction inspectors,High Exposure,High Complementarity,HE-HC,
22300 Civil engineering technologists and technicians,22300,160,48000,6.334761929,4.793328554,0.591388889,Civil engineering technologists and technicians,High Exposure,Low Complementarity,HE-LC,
22301 Mechanical engineering technologists and technicians,22301,40,76000,5.980606607,4.326422679,0.624814815,Mechanical engineering technologists and technicians,High Exposure,High Complementarity,HE-HC,
22302 Industrial engineering and manufacturing technologists and technicians,22302,0,,6.309841231,4.627216903,0.615,Industrial engineering and manufacturing technologists and technicians,High Exposure,High Complementarity,HE-HC,
22310 Electrical and electronics engineering technologists and technicians,22310,175,54657.1428571429,6.181654365,4.53810689,0.61412037,Electrical and electronics engineering technologists and technicians,High Exposure,High Complementarity,HE-HC,
22311 Electronic service technicians (household and business equipment),22311,200,,5.793745084,4.000438539,0.658472222,Electronic service technicians (household and business equipment),Low Exposure,High Complementarity,LE-HC,
30010 Managers in health care,30010,5115,93207.8201368524,6.660997535,5.178236984,0.57125,Managers in health care,High Exposure,Low Complementarity,HE-LC,
31100 Specialists in clinical and laboratory medicine,31100,745,145570.469798658,6.3362572,3.714613111,0.763002137,Specialists in clinical and laboratory medicine,High Exposure,High Complementarity,HE-HC,
31101 Specialists in surgery,31101,70,,6.278439261,3.856972106,0.733125,Specialists in surgery,High Exposure,High Complementarity,HE-HC,
31102 General practitioners and family physicians,31102,1650,144826.060606061,6.492166218,3.8379599,0.757361111,General practitioners and family physicians,High Exposure,High Complementarity,HE-HC,
31112 Audiologists and speech-language pathologists,31112,1435,68029.2682926829,6.494087008,4.20228669,0.701111111,Audiologists and speech-language pathologists,High Exposure,High Complementarity,HE-HC,
31120 Pharmacists,31120,225,78000,6.313195205,3.975559314,0.718611111,Pharmacists,High Exposure,High Complementarity,HE-HC,
31121 Dietitians and nutritionists,31121,1505,58633.8870431894,6.504914839,4.400512307,0.672083333,Dietitians and nutritionists,High Exposure,High Complementarity,HE-HC,
31200 Psychologists,31200,1945,77081.7480719795,6.658392216,4.73540152,0.637111111,Psychologists,High Exposure,High Complementarity,HE-HC,Psychologists
31201 Chiropractors,31201,100,,5.948406252,3.559129741,0.75,Chiropractors,Low Exposure,High Complementarity,LE-HC,
31202 Physiotherapists,31202,1175,67825.5319148936,5.863692719,3.348820064,0.777222222,Physiotherapists,Low Exposure,High Complementarity,LE-HC,
31203 Occupational therapists,31203,2800,67148.5714285714,6.139053132,3.749677744,0.7375,Occupational therapists,High Exposure,High Complementarity,HE-HC,
31204 Kinesiologists and other professional occupations in therapy and assessment,31204,830,39646.9879518072,6.133306638,4.020612444,0.692916667,Kinesiologists and other professional occupations in therapy and assessment,High Exposure,High Complementarity,HE-HC,
31209 Other professional occupations in health diagnosing and treating,31209,165,46272.7272727273,6.041861689,4.28340382,0.638269231,Other professional occupations in health diagnosing and treating,High Exposure,High Complementarity,HE-HC,
31300 Nursing coordinators and supervisors,31300,1595,72068.3385579937,6.380558513,5.162935263,0.539166667,Nursing coordinators and supervisors,High Exposure,Low Complementarity,HE-LC,
31301 Registered nurses and registered psychiatric nurses,31301,24055,68214.5603824569,6.163441229,3.897713837,0.716468254,Registered nurses and registered psychiatric nurses,High Exposure,High Complementarity,HE-HC,
31302 Nurse practitioners,31302,1000,97360,6.145852755,3.739490892,0.739861111,Nurse practitioners,High Exposure,High Complementarity,HE-HC,
"31303 Physician assistants, midwives and allied health professionals",31303,115,74956.5217391304,6.287033885,4.184435401,0.683156566,"Physician assistants, midwives and allied health professionals",High Exposure,High Complementarity,HE-HC,
32101 Licensed practical nurses,32101,3575,48408.2517482518,5.8134515,4.137239651,0.636666667,Licensed practical nurses,Low Exposure,High Complementarity,LE-HC,
32102 Paramedical occupations,32102,345,66753.6231884058,5.660511188,3.746943934,0.686388889,Paramedical occupations,Low Exposure,High Complementarity,LE-HC,
"32103 Respiratory therapists, clinical perfusionists and cardiopulmonary technologists",32103,1145,53436.6812227074,6.039097481,3.997363532,0.685694444,"Respiratory therapists, clinical perfusionists and cardiopulmonary technologists",High Exposure,High Complementarity,HE-HC,
32104 Animal health technologists and veterinary technicians,32104,210,39285.7142857143,6.165838578,4.202505626,0.664722222,Animal health technologists and veterinary technicians,High Exposure,High Complementarity,HE-HC,
32109 Other technical occupations in therapy and assessment,32109,1815,46265.6749311295,5.939528393,4.401509341,0.60770202,Other technical occupations in therapy and assessment,Low Exposure,Low Complementarity,LE-LC,
32111 Dental hygienists and dental therapists,32111,335,58937.3134328358,5.813774578,4.455612239,0.581944444,Dental hygienists and dental therapists,Low Exposure,Low Complementarity,LE-LC,
32112 Dental technologists and technicians,32112,75,24533.3333333333,5.960452914,4.938897511,0.519722222,Dental technologists and technicians,Low Exposure,Low Complementarity,LE-LC,
32120 Medical laboratory technologists,32120,270,62074.0740740741,6.08286021,4.471122727,0.613373016,Medical laboratory technologists,High Exposure,High Complementarity,HE-HC,
32121 Medical radiation technologists,32121,290,63758.6206896552,5.917956965,4.264981415,0.627638889,Medical radiation technologists,Low Exposure,High Complementarity,LE-HC,
32122 Medical sonographers,32122,110,53000,5.915555518,4.525399971,0.583333333,Medical sonographers,Low Exposure,Low Complementarity,LE-LC,
32123 Cardiology technologists and electrophysiological diagnostic technologists,32123,20,64000,5.993582458,4.355336586,0.621666667,Cardiology technologists and electrophysiological diagnostic technologists,High Exposure,High Complementarity,HE-HC,
32124 Pharmacy technicians,32124,150,41500,5.93628949,4.01564535,0.671111111,Pharmacy technicians,Low Exposure,High Complementarity,LE-HC,
32129 Other medical technologists and technicians,32129,190,55473.6842105263,5.93628949,4.01564535,0.671111111,Other medical technologists and technicians,Low Exposure,High Complementarity,LE-HC,
32200 Traditional Chinese medicine practitioners and acupuncturists,32200,160,29625,6.295661264,4.005230736,0.7125,Traditional Chinese medicine practitioners and acupuncturists,High Exposure,High Complementarity,HE-HC,
32201 Massage therapists,32201,21840,23679.5787545788,5.374356796,4.124818841,0.580833333,Massage therapists,Low Exposure,Low Complementarity,LE-LC,
32209 Other practitioners of natural healing,32209,160,19600,6.295661264,4.005230736,0.7125,Other practitioners of natural healing,High Exposure,High Complementarity,HE-HC,
33100 Dental assistants and dental laboratory assistants,33100,260,32211.5384615385,5.900693731,4.56082782,0.575972222,Dental assistants and dental laboratory assistants,Low Exposure,Low Complementarity,LE-LC,
33101 Medical laboratory assistants and related technical occupations,33101,300,36993.3333333333,5.9432616,4.45765162,0.598611111,Medical laboratory assistants and related technical occupations,Low Exposure,Low Complementarity,LE-LC,
"33102 Nurse aides, orderlies and patient service associates",33102,42850,29298.2263710618,5.809991435,4.428981618,0.587301587,"Nurse aides, orderlies and patient service associates",Low Exposure,Low Complementarity,LE-LC,Nurse aides
33103 Pharmacy technical assistants and pharmacy assistants,33103,95,40631.5789473684,5.884879628,4.329769151,0.611979167,Pharmacy technical assistants and pharmacy assistants,Low Exposure,Low Complementarity,LE-LC,
33109 Other assisting occupations in support of health services,33109,2055,30715.7177615572,6.014574201,4.546902734,0.592373737,Other assisting occupations in support of health services,High Exposure,Low Complementarity,HE-LC,
40010 Government managers - health and social policy development and program administration,40010,70,87000,6.471193881,4.415844889,0.667407407,Government managers - health and social policy development and program administration,High Exposure,High Complementarity,HE-HC,
"40011 Government managers - economic analysis, policy development and program administration",40011,20,40000,6.471193881,4.415844889,0.667407407,"Government managers - economic analysis, policy development and program administration",High Exposure,High Complementarity,HE-HC,
40020 Administrators - post-secondary education and vocational training,40020,210,57571.4285714286,6.693199791,4.376608974,0.694444444,Administrators - post-secondary education and vocational training,High Exposure,High Complementarity,HE-HC,
"40030 Managers in social, community and correctional services",40030,21265,60719.2828591583,6.304962693,4.184690451,0.687685185,"Managers in social, community and correctional services",High Exposure,High Complementarity,HE-HC,Managers in social services
41101 Lawyers and Quebec notaries,41101,800,72206.25,6.633534727,4.265731359,0.705277778,Lawyers and Quebec notaries,High Exposure,High Complementarity,HE-HC,
41201 Post-secondary teaching and research assistants,41201,475,,6.565268621,5.070863464,0.57625,Post-secondary teaching and research assistants,High Exposure,Low Complementarity,HE-LC,
41210 College and other vocational instructors,41210,2460,35945.1219512195,6.577923525,4.397325173,0.680071429,College and other vocational instructors,High Exposure,High Complementarity,HE-HC,
41220 Secondary school teachers,41220,105,36095.2380952381,6.571574886,4.337239425,0.688333333,Secondary school teachers,High Exposure,High Complementarity,HE-HC,
41221 Elementary school and kindergarten teachers,41221,195,30307.6923076923,6.343902776,4.108684123,0.700722222,Elementary school and kindergarten teachers,High Exposure,High Complementarity,HE-HC,
41300 Social workers,41300,30365,59135.0238761732,6.48878506,4.344297117,0.678796296,Social workers,High Exposure,High Complementarity,HE-HC,
41301 Therapists in counselling and related specialized therapies,41301,15310,49870.346178968,6.477722812,4.494776498,0.655425926,Therapists in counselling and related specialized therapies,High Exposure,High Complementarity,HE-HC,
41302 Religious leaders,41302,410,42310.9756097561,6.668950389,4.179208911,0.721666667,Religious leaders,High Exposure,High Complementarity,HE-HC,
41311 Probation and parole officers,41311,35,56000,6.1394277,4.101478783,0.680277778,Probation and parole officers,High Exposure,High Complementarity,HE-HC,
41320 Educational counsellors,41320,855,36642.1052631579,6.473582601,4.191644734,0.700833333,Educational counsellors,High Exposure,High Complementarity,HE-HC,
41321 Career development practitioners and career counsellors (except education),41321,3840,41899.7395833333,6.569150282,4.555959641,0.655416667,Career development practitioners and career counsellors (except education),High Exposure,High Complementarity,HE-HC,
"41400 Natural and applied science policy researchers, consultants and program officers",41400,1815,57907.9889807163,6.499434183,4.621468795,0.636944444,"Natural and applied science policy researchers, consultants and program officers",High Exposure,High Complementarity,HE-HC,
41401 Economists and economic policy researchers and analysts,41401,160,76375,6.660172617,5.087616895,0.584444444,Economists and economic policy researchers and analysts,High Exposure,Low Complementarity,HE-LC,
41402 Business development officers and market researchers and analysts,41402,1135,50711.013215859,6.677697266,5.28465542,0.556944444,Business development officers and market researchers and analysts,High Exposure,Low Complementarity,HE-LC,
"41403 Social policy researchers, consultants and program officers",41403,5410,48786.2846580407,6.637994738,5.342212603,0.543333333,"Social policy researchers, consultants and program officers",High Exposure,Low Complementarity,HE-LC,Social policy researchers
"41404 Health policy researchers, consultants and program officers",41404,3910,61760.1023017903,6.427413732,4.795460963,0.605694444,"Health policy researchers, consultants and program officers",High Exposure,Low Complementarity,HE-LC,Health policy researchers
"41405 Education policy researchers, consultants and program officers",41405,2485,41313.078470825,6.645306273,4.391439895,0.6875,"Education policy researchers, consultants and program officers",High Exposure,High Complementarity,HE-HC,
"41406 Recreation, sports and fitness policy researchers, consultants and program officers",41406,1220,,6.595008835,5.519656005,0.511388889,"Recreation, sports and fitness policy researchers, consultants and program officers",High Exposure,Low Complementarity,HE-LC,
41407 Program officers unique to government,41407,210,68809.5238095238,6.592338725,5.471641142,0.518333333,Program officers unique to government,High Exposure,Low Complementarity,HE-LC,
41409 Other professional occupations in social science,41409,1065,,6.563945292,4.706995033,0.631888889,Other professional occupations in social science,High Exposure,High Complementarity,HE-HC,
42100 Police officers (except commissioned),42100,45,,5.760064855,3.490125382,0.742083333,Police officers (except commissioned),Low Exposure,High Complementarity,LE-HC,
42101 Firefighters,42101,55,43636.3636363636,5.676381746,3.434848883,0.743944444,Firefighters,Low Exposure,High Complementarity,LE-HC,
42200 Paralegals and related occupations,42200,25,34000,6.648947041,5.385584862,0.538055556,Paralegals and related occupations,High Exposure,Low Complementarity,HE-LC,
42201 Social and community service workers,42201,88770,38735.509744283,6.3485823,4.279757509,0.674222222,Social and community service workers,High Exposure,High Complementarity,HE-HC,Social service workers
42202 Early childhood educators and assistants,42202,178040,25331.6586160413,6.048389039,4.455646592,0.611666667,Early childhood educators and assistants,High Exposure,Low Complementarity,HE-LC,Early childhood educators
42203 Instructors of persons with disabilities,42203,7725,40309.9029126214,6.254146039,3.933006025,0.720888889,Instructors of persons with disabilities,High Exposure,High Complementarity,HE-HC,Instructors of persons with disabilities
43109 Other instructors,43109,770,,6.422526961,4.723674415,0.613333333,Other instructors,High Exposure,High Complementarity,HE-HC,
43200 Sheriffs and bailiffs,43200,15,50000,5.732806708,3.944183221,0.660555556,Sheriffs and bailiffs,Low Exposure,High Complementarity,LE-HC,
43201 Correctional service officers,43201,140,52285.7142857143,5.618266032,3.753313835,0.680277778,Correctional service officers,Low Exposure,High Complementarity,LE-HC,
43202 By-law enforcement and other regulatory officers,43202,90,,5.969503326,4.459371236,0.601180556,By-law enforcement and other regulatory officers,Low Exposure,Low Complementarity,LE-LC,
44100 Home child care providers,44100,28555,,5.888368052,4.332676649,0.612638889,Home child care providers,Low Exposure,Low Complementarity,LE-LC,Home child care providers
"44101 Home support workers, caregivers and related occupations",44101,24170,,5.77655005,4.600380276,0.551944444,"Home support workers, caregivers and related occupations",Low Exposure,Low Complementarity,LE-LC,Home support workers
"50010 Library, archive, museum and art gallery managers",50010,3690,57000,6.471193881,4.415844889,0.667407407,"Library, archive, museum and art gallery managers",High Exposure,High Complementarity,HE-HC,
"50011 Managers - publishing, motion pictures, broadcasting and performing arts",50011,135,64444.4444444445,6.484575341,4.607653991,0.638564815,"Managers - publishing, motion pictures, broadcasting and performing arts",High Exposure,High Complementarity,HE-HC,
"50012 Recreation, sports and fitness program and service directors",50012,610,58167.2131147541,6.25036284,4.515055792,0.625231481,"Recreation, sports and fitness program and service directors",High Exposure,High Complementarity,HE-HC,
51101 Conservators and curators,51101,2190,52931.5068493151,6.1800504,4.231895951,0.662777778,Conservators and curators,High Exposure,High Complementarity,HE-HC,Conservators and curators
51102 Archivists,51102,190,29789.4736842105,6.339542645,4.781071745,0.594166667,Archivists,High Exposure,Low Complementarity,HE-LC,
51110 Editors,51110,365,45945.2054794521,6.543130636,4.811018554,0.613055556,Editors,High Exposure,High Complementarity,HE-HC,
51111 Authors and writers (except technical),51111,425,,6.489752863,5.157400654,0.552962963,Authors and writers (except technical),High Exposure,Low Complementarity,HE-LC,
51112 Technical writers,51112,90,37833.3333333333,6.568273856,5.371388398,0.530555556,Technical writers,High Exposure,Low Complementarity,HE-LC,
51113 Journalists,51113,35,22000,6.56755127,4.653839802,0.639722222,Journalists,High Exposure,High Complementarity,HE-HC,
"51114 Translators, terminologists and interpreters",51114,575,30168.6956521739,6.523049621,4.692971811,0.628888889,"Translators, terminologists and interpreters",High Exposure,High Complementarity,HE-HC,
"51120 Producers, directors, choreographers and related occupations",51120,245,42367.3469387755,6.292552339,4.420683731,0.647708333,"Producers, directors, choreographers and related occupations",High Exposure,High Complementarity,HE-HC,
51122 Musicians and singers,51122,475,14983.1578947368,6.019128556,5.020956403,0.514166667,Musicians and singers,High Exposure,Low Complementarity,HE-LC,
52100 Library and public archive technicians,52100,315,30514.2857142857,6.051692512,4.888422729,0.540555556,Library and public archive technicians,High Exposure,Low Complementarity,HE-LC,
52110 Film and video camera operators,52110,15,2800,5.83309117,4.322968678,0.607222222,Film and video camera operators,Low Exposure,Low Complementarity,LE-LC,
52111 Graphic arts technicians,52111,60,42666.6666666667,6.158020763,5.242810261,0.493472222,Graphic arts technicians,High Exposure,Low Complementarity,HE-LC,
52113 Audio and video recording technicians,52113,285,33350.8771929825,6.113513922,4.586557856,0.598194444,Audio and video recording technicians,High Exposure,Low Complementarity,HE-LC,
52114 Announcers and other broadcasters,52114,20,,6.417429825,4.643723526,0.624722222,Announcers and other broadcasters,High Exposure,High Complementarity,HE-HC,
"52119 Other technical and coordinating occupations in motion pictures, broadcasting and the performing arts",52119,2550,58758.431372549,5.828815853,4.362759016,0.599861111,"Other technical and coordinating occupations in motion pictures, broadcasting and the performing arts",Low Exposure,Low Complementarity,LE-LC,
52120 Graphic designers and illustrators,52120,1365,37712.0879120879,6.362911254,4.828119961,0.589583333,Graphic designers and illustrators,High Exposure,Low Complementarity,HE-LC,Graphic designers
52121 Interior designers and interior decorators,52121,0,,6.540182749,4.536343423,0.654722222,Interior designers and interior decorators,High Exposure,High Complementarity,HE-HC,
"53100 Registrars, restorers, interpreters and other occupations related to museum and art galleries",53100,7650,21255.3725490196,5.993465673,4.265349737,0.636666667,"Registrars, restorers, interpreters and other occupations related to museum and art galleries",High Exposure,High Complementarity,HE-HC,
53110 Photographers,53110,125,,5.946157338,4.365470512,0.614166667,Photographers,Low Exposure,High Complementarity,LE-HC,
"53111 Motion pictures, broadcasting, photography and performing arts assistants and operators",53111,60,,5.761055988,4.44213515,0.579513889,"Motion pictures, broadcasting, photography and performing arts assistants and operators",Low Exposure,Low Complementarity,LE-LC,
53120 Dancers,53120,125,10344,4.83117283,3.705241162,0.581388889,Dancers,Low Exposure,Low Complementarity,LE-LC,
"53121 Actors, comedians and circus performers",53121,160,6625,5.790803512,4.843188694,0.507638889,"Actors, comedians and circus performers",Low Exposure,Low Complementarity,LE-LC,
"53122 Painters, sculptors and other visual artists",53122,485,,5.778077737,5.14730425,0.4575,"Painters, sculptors and other visual artists",Low Exposure,Low Complementarity,LE-LC,
"53123 Theatre, fashion, exhibit and other creative designers",53123,340,49200,6.260278956,4.715432817,0.595416667,"Theatre, fashion, exhibit and other creative designers",High Exposure,Low Complementarity,HE-LC,
53124 Artisans and craftspersons,53124,155,,5.833884266,4.663184931,0.548277778,Artisans and craftspersons,Low Exposure,Low Complementarity,LE-LC,
53201 Coaches,53201,385,33149.3506493507,6.08725821,3.858645343,0.714444444,Coaches,High Exposure,High Complementarity,HE-HC,
53202 Sports officials and referees,53202,95,,6.011560786,4.815928141,0.547222222,Sports officials and referees,High Exposure,Low Complementarity,HE-LC,
"54100 Program leaders and instructors in recreation, sport and fitness",54100,6020,13978.1727574751,5.630436232,3.929604644,0.649166667,"Program leaders and instructors in recreation, sport and fitness",Low Exposure,High Complementarity,LE-HC,
55109 Other performers,55109,55,41454.5454545455,5.475314746,5.038810487,0.428055556,Other performers,Low Exposure,Low Complementarity,LE-LC,
60010 Corporate sales managers,60010,260,74153.8461538462,6.594914041,4.587706633,0.652777778,Corporate sales managers,High Exposure,High Complementarity,HE-HC,
60020 Retail and wholesale trade managers,60020,265,24943.3962264151,6.48623218,4.198936529,0.70162037,Retail and wholesale trade managers,High Exposure,High Complementarity,HE-HC,
60030 Restaurant and food service managers,60030,255,27588.2352941176,5.97989782,4.257355031,0.636388889,Restaurant and food service managers,High Exposure,High Complementarity,HE-HC,
60031 Accommodation service managers,60031,545,52264.2201834862,6.215860454,4.021316388,0.701388889,Accommodation service managers,High Exposure,High Complementarity,HE-HC,
60040 Managers in customer and personal services,60040,330,46772.7272727273,6.181318069,4.285723426,0.655810185,Managers in customer and personal services,High Exposure,High Complementarity,HE-HC,
62010 Retail sales supervisors,62010,210,36857.1428571429,6.187927951,4.670095986,0.593796296,Retail sales supervisors,High Exposure,Low Complementarity,HE-LC,
62020 Food service supervisors,62020,820,32424.3902439024,5.918487711,4.044299936,0.665,Food service supervisors,Low Exposure,High Complementarity,LE-HC,
"62022 Accommodation, travel, tourism and related services supervisors",62022,100,34200,6.248049388,4.304211801,0.659444444,"Accommodation, travel, tourism and related services supervisors",High Exposure,High Complementarity,HE-HC,
62023 Customer and information services supervisors,62023,205,41317.0731707317,6.140052496,4.122363023,0.676944444,Customer and information services supervisors,High Exposure,High Complementarity,HE-HC,
62024 Cleaning supervisors,62024,155,40903.2258064516,5.795825081,4.214852795,0.621111111,Cleaning supervisors,Low Exposure,High Complementarity,LE-HC,
62029 Other services supervisors,62029,330,36000,6.140052496,4.122363023,0.676944444,Other services supervisors,High Exposure,High Complementarity,HE-HC,
62100 Technical sales specialists - wholesale trade,62100,55,,6.397342455,4.53417549,0.639722222,Technical sales specialists - wholesale trade,High Exposure,High Complementarity,HE-HC,
62101 Retail and wholesale buyers,62101,15,16000,6.403669143,4.701360429,0.614166667,Retail and wholesale buyers,High Exposure,High Complementarity,HE-HC,
62200 Chefs,62200,1060,34955.6603773585,5.901226374,3.875138652,0.691666667,Chefs,Low Exposure,High Complementarity,LE-HC,
63100 Insurance agents and brokers,63100,20,,6.639157942,5.008875825,0.593888889,Insurance agents and brokers,High Exposure,Low Complementarity,HE-LC,
63101 Real estate agents and salespersons,63101,25,38000,6.424457341,4.500689282,0.647777778,Real estate agents and salespersons,High Exposure,High Complementarity,HE-HC,
63102 Financial sales representatives,63102,85,41176.4705882353,6.675194987,5.179761238,0.572407407,Financial sales representatives,High Exposure,Low Complementarity,HE-LC,
63200 Cooks,63200,6790,24855.1546391753,5.724964128,4.64109973,0.537555556,Cooks,Low Exposure,Low Complementarity,LE-LC,
63202 Bakers,63202,95,,5.860904262,4.827105871,0.524722222,Bakers,Low Exposure,Low Complementarity,LE-LC,
63210 Hairstylists and barbers,63210,155,15741.935483871,5.716365973,4.257661786,0.603472222,Hairstylists and barbers,Low Exposure,Low Complementarity,LE-LC,
"63211 Estheticians, electrologists and related occupations",63211,260,,5.933080109,4.652735137,0.562916667,"Estheticians, electrologists and related occupations",Low Exposure,Low Complementarity,LE-LC,
63220 Shoe repairers and shoemakers,63220,1930,40401.2953367876,5.640286769,4.864747338,0.485833333,Shoe repairers and shoemakers,Low Exposure,Low Complementarity,LE-LC,
64100 Retail salespersons and visual merchandisers,64100,2390,20657.949790795,6.049522856,4.700877995,0.570888889,Retail salespersons and visual merchandisers,High Exposure,Low Complementarity,HE-LC,
64101 Sales and account representatives - wholesale trade (non-technical),64101,275,44618.1818181818,6.310203142,4.557368936,0.626111111,Sales and account representatives - wholesale trade (non-technical),High Exposure,High Complementarity,HE-HC,
"64200 Tailors, dressmakers, furriers and milliners",64200,105,16904.7619047619,5.789534627,4.750634802,0.527777778,"Tailors, dressmakers, furriers and milliners",Low Exposure,Low Complementarity,LE-LC,
"64201 Image, social and other personal consultants",64201,45,,5.883265754,4.391481569,0.598472222,"Image, social and other personal consultants",Low Exposure,Low Complementarity,LE-LC,
64300 Ma�tres d'h�tel and hosts/hostesses,64300,495,16096.9696969697,6.009090285,4.802264653,0.549166667,Maîtres d'hôtel and hosts/hostesses,High Exposure,Low Complementarity,HE-LC,
64301 Bartenders,64301,1135,10937.4449339207,5.756919704,5.018115009,0.476666667,Bartenders,Low Exposure,Low Complementarity,LE-LC,
64310 Travel counsellors,64310,165,27212.1212121212,6.545554444,5.46735617,0.513055556,Travel counsellors,High Exposure,Low Complementarity,HE-LC,
64320 Tour and travel guides,64320,510,16423.5294117647,6.368551781,4.534055059,0.636388889,Tour and travel guides,High Exposure,High Complementarity,HE-HC,
64322 Outdoor sport and recreational guides,64322,150,24200,5.924543618,3.974381343,0.6775,Outdoor sport and recreational guides,Low Exposure,High Complementarity,LE-HC,
64400 Customer services representatives - financial institutions,64400,120,37083.3333333333,6.510472632,5.879318479,0.445277778,Customer services representatives - financial institutions,High Exposure,Low Complementarity,HE-LC,
64409 Other customer and information services representatives,64409,5540,27085.3700361011,6.608430958,5.197621068,0.561458333,Other customer and information services representatives,High Exposure,Low Complementarity,HE-LC,
64410 Security guards and related security service occupations,64410,2375,35047.1578947368,5.844485653,4.275042406,0.617222222,Security guards and related security service occupations,Low Exposure,High Complementarity,LE-HC,
65100 Cashiers,65100,1655,13195.8912386707,5.922752488,5.216957816,0.4675,Cashiers,Low Exposure,Low Complementarity,LE-LC,
"65102 Store shelf stockers, clerks and order fillers",65102,560,15441.9642857143,5.490511607,4.525096649,0.524166667,"Store shelf stockers, clerks and order fillers",Low Exposure,Low Complementarity,LE-LC,
65109 Other sales related occupations,65109,320,,6.415723604,5.074735259,0.55781746,Other sales related occupations,High Exposure,Low Complementarity,HE-LC,
65200 Food and beverage servers,65200,170,14564.7058823529,5.438765246,4.587396642,0.503402778,Food and beverage servers,Low Exposure,Low Complementarity,LE-LC,
"65201 Food counter attendants, kitchen helpers and related support occupations",65201,4300,17175.4069767442,5.689286435,4.894307881,0.488611111,"Food counter attendants, kitchen helpers and related support occupations",Low Exposure,Low Complementarity,LE-LC,
"65211 Operators and attendants in amusement, recreation and sport",65211,3080,19374.2857142857,5.969471199,4.256183929,0.634444444,"Operators and attendants in amusement, recreation and sport",Low Exposure,High Complementarity,LE-HC,
65220 Pet groomers and animal care workers,65220,1335,30692.8838951311,5.627589122,3.939411363,0.648333333,Pet groomers and animal care workers,Low Exposure,High Complementarity,LE-HC,
65229 Other support occupations in personal services,65229,335,14307.4626865672,6.140052496,4.122363023,0.676944444,Other support occupations in personal services,High Exposure,High Complementarity,HE-HC,
65310 Light duty cleaners,65310,8015,19174.6537741734,5.561989149,4.79268586,0.484027778,Light duty cleaners,Low Exposure,Low Complementarity,LE-LC,Light duty cleaners
65311 Specialized cleaners,65311,100,21000,5.272076627,4.116613166,0.5675,Specialized cleaners,Low Exposure,Low Complementarity,LE-LC,
"65312 Janitors, caretakers and heavy-duty cleaners",65312,3180,22034.9056603774,5.388025524,4.055985881,0.595555556,"Janitors, caretakers and heavy-duty cleaners",Low Exposure,Low Complementarity,LE-LC,
"65320 Dry cleaning, laundry and related occupations",65320,150,,5.559304158,5.058966784,0.438333333,"Dry cleaning, laundry and related occupations",Low Exposure,Low Complementarity,LE-LC,
65329 Other service support occupations,65329,1105,14314.0271493213,5.900750888,4.456034281,0.592118056,Other service support occupations,Low Exposure,Low Complementarity,LE-LC,
70010 Construction managers,70010,265,83056.6037735849,6.502255361,3.785757566,0.766111111,Construction managers,High Exposure,High Complementarity,HE-HC,
70012 Facility operation and maintenance managers,70012,1555,55664.308681672,6.499978183,4.520672611,0.652962963,Facility operation and maintenance managers,High Exposure,High Complementarity,HE-HC,
70020 Managers in transportation,70020,155,54193.5483870968,6.533072448,4.536163667,0.654666667,Managers in transportation,High Exposure,High Complementarity,HE-HC,
"72013 Contractors and supervisors, carpentry trades",72013,15,50000,5.887740735,3.321667065,0.784166667,"Contractors and supervisors, carpentry trades",Low Exposure,High Complementarity,LE-HC,
"72014 Contractors and supervisors, other construction trades, installers, repairers and servicers",72014,120,54166.6666666667,5.877118694,3.502261648,0.752361111,"Contractors and supervisors, other construction trades, installers, repairers and servicers",Low Exposure,High Complementarity,LE-HC,
"72021 Contractors and supervisors, heavy equipment operator crews",72021,60,,5.887740735,3.321667065,0.784166667,"Contractors and supervisors, heavy equipment operator crews",Low Exposure,High Complementarity,LE-HC,
"72024 Supervisors, motor transport and other ground transit operators",72024,20,34000,5.870666067,4.221754325,0.627777778,"Supervisors, motor transport and other ground transit operators",Low Exposure,High Complementarity,LE-HC,
72100 Machinists and machining and tooling inspectors,72100,20,70000,5.644522322,4.501506551,0.550833333,Machinists and machining and tooling inspectors,Low Exposure,Low Complementarity,LE-LC,
72106 Welders and related machine operators,72106,110,37818.1818181818,5.566512468,4.718187291,0.500763889,Welders and related machine operators,Low Exposure,Low Complementarity,LE-LC,
72200 Electricians (except industrial and power system),72200,205,51853.6585365854,5.664204633,3.527540775,0.725555556,Electricians (except industrial and power system),Low Exposure,High Complementarity,LE-HC,
72205 Telecommunications equipment installation and cable television service technicians,72205,20,50000,5.697080353,4.080310966,0.632222222,Telecommunications equipment installation and cable television service technicians,Low Exposure,High Complementarity,LE-HC,
72300 Plumbers,72300,140,61142.8571428572,5.523745075,3.653343617,0.686944444,Plumbers,Low Exposure,High Complementarity,LE-HC,
72310 Carpenters,72310,670,40440.2985074627,5.445526961,4.013644526,0.611111111,Carpenters,Low Exposure,Low Complementarity,LE-LC,
72311 Cabinetmakers,72311,30,,5.436207323,4.590575073,0.503888889,Cabinetmakers,Low Exposure,Low Complementarity,LE-LC,
72320 Bricklayers,72320,30,70000,5.307148417,3.860018182,0.621759259,Bricklayers,Low Exposure,High Complementarity,LE-HC,
72400 Construction millwrights and industrial mechanics,72400,60,38000,5.503397191,3.97350449,0.626805556,Construction millwrights and industrial mechanics,Low Exposure,High Complementarity,LE-HC,
"72410 Automotive service technicians, truck and bus mechanics and mechanical repairers",72410,365,49904.1095890411,5.647499861,4.12237118,0.618492063,"Automotive service technicians, truck and bus mechanics and mechanical repairers",Low Exposure,High Complementarity,LE-HC,
"72602 Deck officers, water transport",72602,10,,5.71745572,3.357417053,0.761111111,"Deck officers, water transport",Low Exposure,High Complementarity,LE-HC,
72999 Other technical trades and related occupations,72999,60,22000,5.644338445,4.057652193,0.629444444,Other technical trades and related occupations,Low Exposure,High Complementarity,LE-HC,
73110 Roofers and shinglers,73110,40,23750,5.244433036,3.618658795,0.658333333,Roofers and shinglers,Low Exposure,High Complementarity,LE-HC,
73112 Painters and decorators (except interior decorators),73112,150,30400,5.59709523,5.17420359,0.423888889,Painters and decorators (except interior decorators),Low Exposure,Low Complementarity,LE-LC,
73200 Residential and commercial installers and servicers,73200,105,,5.394339283,3.976761051,0.610439815,Residential and commercial installers and servicers,Low Exposure,Low Complementarity,LE-LC,
73201 General building maintenance workers and building superintendents,73201,3470,31061.0951008646,5.587066367,3.639352953,0.696944444,General building maintenance workers and building superintendents,Low Exposure,High Complementarity,LE-HC,
73209 Other repairers and servicers,73209,35,,5.708449475,4.309946974,0.594351852,Other repairers and servicers,Low Exposure,Low Complementarity,LE-LC,
73300 Transport truck drivers,73300,905,27503.8674033149,5.6039813,4.146725542,0.608472222,Transport truck drivers,Low Exposure,Low Complementarity,LE-LC,
"73301 Bus drivers, subway operators and other transit operators",73301,445,,5.75381356,4.516841837,0.563333333,"Bus drivers, subway operators and other transit operators",Low Exposure,Low Complementarity,LE-LC,
73400 Heavy equipment operators,73400,220,,5.527178568,3.89664064,0.643214286,Heavy equipment operators,Low Exposure,High Complementarity,LE-HC,
74100 Mail and parcel sorters and related occupations,74100,15,12000,5.50043463,5.052760367,0.429722222,Mail and parcel sorters and related occupations,Low Exposure,Low Complementarity,LE-LC,
74102 Couriers and messengers,74102,15,14000,5.567333508,4.386514479,0.560277778,Couriers and messengers,Low Exposure,Low Complementarity,LE-LC,
74205 Public works maintenance equipment operators and related workers,74205,60,26000,5.420165999,4.134690783,0.585,Public works maintenance equipment operators and related workers,Low Exposure,Low Complementarity,LE-LC,
75101 Material handlers,75101,795,22123.2704402516,5.792257996,4.375229604,0.590396825,Material handlers,Low Exposure,Low Complementarity,LE-LC,
75110 Construction trades helpers and labourers,75110,430,28534.8837209302,5.415087031,3.92883992,0.621925926,Construction trades helpers and labourers,Low Exposure,High Complementarity,LE-HC,
75119 Other trades helpers and labourers,75119,10,8000,5.373384894,3.910630117,0.620555556,Other trades helpers and labourers,Low Exposure,High Complementarity,LE-HC,
75201 Delivery service drivers and door-to-door distributors,75201,605,20323.1404958678,5.567333508,4.386514479,0.560277778,Delivery service drivers and door-to-door distributors,Low Exposure,Low Complementarity,LE-LC,
75210 Boat and cable ferry operators and related occupations,75210,420,30600,5.717967987,3.635742712,0.712731481,Boat and cable ferry operators and related occupations,Low Exposure,High Complementarity,LE-HC,
75211 Railway and motor transport labourers,75211,20,22000,5.593691925,3.923353364,0.646944444,Railway and motor transport labourers,Low Exposure,High Complementarity,LE-HC,
75212 Public works and maintenance labourers,75212,505,19239.603960396,5.382308612,4.492732605,0.513611111,Public works and maintenance labourers,Low Exposure,Low Complementarity,LE-LC,
80020 Managers in agriculture,80020,305,57306.5573770492,5.843659754,3.933999933,0.672407407,Managers in agriculture,Low Exposure,High Complementarity,LE-HC,
"82031 Contractors and supervisors, landscaping, grounds maintenance and horticulture services",82031,400,37920,5.923792036,3.836263583,0.700833333,"Contractors and supervisors, landscaping, grounds maintenance and horticulture services",Low Exposure,High Complementarity,LE-HC,
"83101 Oil and gas well drillers, servicers, testers and related workers",83101,40,38000,5.596483606,3.491583938,0.724444444,"Oil and gas well drillers, servicers, testers and related workers",Low Exposure,High Complementarity,LE-HC,
84110 Chain saw and skidder operators,84110,0,,5.225291325,4.143946315,0.555277778,Chain saw and skidder operators,Low Exposure,Low Complementarity,LE-LC,
84111 Silviculture and forestry workers,84111,115,35130.4347826087,5.48984448,3.725469462,0.669722222,Silviculture and forestry workers,Low Exposure,High Complementarity,LE-HC,
84120 Specialized livestock workers and farm machinery operators,84120,60,,5.604689177,3.944633015,0.641388889,Specialized livestock workers and farm machinery operators,Low Exposure,High Complementarity,LE-HC,
85100 Livestock labourers,85100,110,26090.9090909091,5.604689177,3.944633015,0.641388889,Livestock labourers,Low Exposure,High Complementarity,LE-HC,
85103 Nursery and greenhouse labourers,85103,90,20000,5.09409589,4.325736426,0.499166667,Nursery and greenhouse labourers,Low Exposure,Low Complementarity,LE-LC,
85121 Landscaping and grounds maintenance labourers,85121,4890,19775.5623721881,5.368045042,3.999847951,0.602777778,Landscaping and grounds maintenance labourers,Low Exposure,Low Complementarity,LE-LC,
92100 Power engineers and power systems operators,92100,150,,5.734984432,4.36120416,0.585902778,Power engineers and power systems operators,Low Exposure,Low Complementarity,LE-LC,
92101 Water and waste treatment plant operators,92101,150,52533.3333333333,5.833989062,4.041657978,0.655555556,Water and waste treatment plant operators,Low Exposure,High Complementarity,LE-HC,
94124 Woodworking machine operators,94124,0,,5.567488048,4.424342645,0.552916667,Woodworking machine operators,Low Exposure,Low Complementarity,LE-LC,
94132 Industrial sewing machine operators,94132,40,,5.585216871,5.241791572,0.409861111,Industrial sewing machine operators,Low Exposure,Low Complementarity,LE-LC,
"94140 Process control and machine operators, food and beverage processing",94140,30,60000,5.713786239,4.680125167,0.529097222,"Process control and machine operators, food and beverage processing",Low Exposure,Low Complementarity,LE-LC,
"94210 Furniture and fixture assemblers, finishers, refinishers and inspectors",94210,0,,5.75177402,4.512857268,0.562592593,"Furniture and fixture assemblers, finishers, refinishers and inspectors",Low Exposure,Low Complementarity,LE-LC,
"94213 Industrial painters, coaters and metal finishing process operators",94213,0,,5.506692956,4.405354365,0.548333333,"Industrial painters, coaters and metal finishing process operators",Low Exposure,Low Complementarity,LE-LC,
"94219 Other products assemblers, finishers and inspectors",94219,20,4400,5.76195143,4.465458589,0.575,"Other products assemblers, finishers and inspectors",Low Exposure,Low Complementarity,LE-LC,
95101 Labourers in metal fabrication,95101,20,16000,5.39842728,4.543676294,0.506666667,Labourers in metal fabrication,Low Exposure,Low Complementarity,LE-LC,
95102 Labourers in chemical products processing and utilities,95102,320,20968.75,5.688106254,4.325583271,0.585833333,Labourers in chemical products processing and utilities,Low Exposure,Low Complementarity,LE-LC,
"95103 Labourers in wood, pulp and paper processing",95103,30,19000,5.39842728,4.543676294,0.506666667,"Labourers in wood, pulp and paper processing",Low Exposure,Low Complementarity,LE-LC,
95106 Labourers in food and beverage processing,95106,260,23730.7692307692,5.39842728,4.543676294,0.506666667,Labourers in food and beverage processing,Low Exposure,Low Complementarity,LE-LC,
95107 Labourers in fish and seafood processing,95107,20,2400,5.39842728,4.543676294,0.506666667,Labourers in fish and seafood processing,Low Exposure,Low Complementarity,LE-LC,
"95109 Other labourers in processing, manufacturing and utilities",95109,410,,5.658769882,4.524399859,0.547383041,"Other labourers in processing, manufacturing and utilities",Low Exposure,Low Complementarity,LE-LC,
